code,system
ZV02612,readv2
43k0.00,readv2
4JQF.00,readv2
43B5.00,readv2
43B4.00,readv2
4JQ3.00,readv2
J631600,readv2
J631000,readv2
J631100,readv2
4JQD.11,readv2
43M2.00,readv2
ZV02C00,readv2
A705100,readv2
ZV02600,readv2
ZV02B00,readv2
65Q7.00,readv2
A702.00,readv2
J631.00,readv2
J631z00,readv2
A704000,readv2
AyuB.00,readv2
A785200,readv2
A700.00,readv2
A703.00,readv2
A701.00,readv2
A70..00,readv2
7609.00,readv2
760F300,readv2
G852100,readv2
Gyu9400,readv2
7609y00,readv2
7609400,readv2
G852z00,readv2
G858.00,readv2
G852300,readv2
G85..11,readv2
G852.00,readv2
7609z00,readv2
G852000,readv2
G851.00,readv2
7609300,readv2
G850.00,readv2
G852200,readv2
C310400,readv2
A709.00,readv2
J622.00,readv2
J620200,readv2
J635100,readv2
J620300,readv2
J620000,readv2
J620z00,readv2
J612.11,readv2
J615812,readv2
J615300,readv2
J615z11,readv2
J615z12,readv2
J612.12,readv2
J615z13,readv2
J615711,readv2
C350012,readv2
J633000,readv2
J635.00,readv2
J635000,readv2
A707.00,readv2
A707300,readv2
J614.00,readv2
J614z00,readv2
J614200,readv2
J61..00,readv2
J61z.00,readv2
A707200,readv2
ZV7C000,readv2
ZV42700,readv2
67P4200,readv2
7800111,readv2
7805211,readv2
7800200,readv2
8LH..00,readv2
7800112,readv2
A705200,readv2
A70z100,readv2
A70G.00,readv2
J635200,readv2
J61y300,readv2
J635600,readv2
J600011,readv2
SP08600,readv2
J625.11,readv2
J62y.12,readv2
9Op1.00,readv2
9kZ..11,readv2
9kV..11,readv2
J62y.00,readv2
J632.00,readv2
J631500,readv2
AyuB000,readv2
A705.00,readv2
AyuB100,readv2
Jyu7100,readv2
Jyu7200,readv2
A704z00,readv2
14i..00,readv2
A704.00,readv2
J63X.00,readv2
Jyu7700,readv2
9kZ..00,readv2
9kV..00,readv2
9kX..00,readv2
9kR..00,readv2
AE23.00,readv2
J62..00,readv2
AyuJ900,readv2
Q409000,readv2
Q409100,readv2
Q409z00,readv2
Q409.00,readv2
7L1f.00,readv2
L176500,readv2
7L1fz00,readv2
141F.00,readv2
141E.00,readv2
J615D00,readv2
J615500,readv2
J615700,readv2
J615G00,readv2
J615C00,readv2
J615800,readv2
J615400,readv2
J615.11,readv2
J615600,readv2
J623.00,readv2
A72x000,readv2
J614300,readv2
J631400,readv2
C376100,readv2
A70z000,readv2
65V3.11,readv2
2J23.00,readv2
AD05.00,readv2
2J2..00,readv2
J632000,readv2
J632300,readv2
J635400,readv2
J615100,readv2
J614400,readv2
J614y00,readv2
J633z00,readv2
A70z.00,readv2
A707X00,readv2
Jyu7600,readv2
J635X00,readv2
AyuB200,readv2
J633.00,readv2
J615y00,readv2
J661700,readv2
J661800,readv2
J661900,readv2
760C300,readv2
43jW.00,readv2
43j5.00,readv2
43jG.00,readv2
43jJ.00,readv2
43w7.00,readv2
J616000,readv2
J616z00,readv2
J616.00,readv2
J616200,readv2
A70B.00,readv2
A70D.00,readv2
A70C.00,readv2
A70A.00,readv2
A053.00,readv2
J620.00,readv2
J635300,readv2
J614000,readv2
ZC2CH11,readv2
BB5D411,readv2
TB00200,readv2
SP14211,readv2
J61yz00,readv2
J61y800,readv2
J617.00,readv2
J615z00,readv2
J61y.00,readv2
A705400,readv2
A701.11,readv2
J601100,readv2
J600100,readv2
J615.00,readv2
A707100,readv2
A707000,readv2
J632200,readv2
A916100,readv2
J616100,readv2
7Q05300,readv2
760F400,readv2
760C500,readv2
7Q05200,readv2
9NgR.00,readv2
C370800,readv2
PB62.00,readv2
PB62000,readv2
PB62100,readv2
PB62z00,readv2
J632z00,readv2
J615H00,readv2
J631200,readv2
J620100,readv2
J614100,readv2
J63y100,readv2
J635500,readv2
A98yy13,readv2
A98yy11,readv2
J624.00,readv2
SP14300,readv2
A705z00,readv2
A705000,readv2
4JQD.00,readv2
J63B.00,readv2
J614111,readv2
J62z.00,readv2
Q434100,readv2
Q434000,readv2